Glottocode,Concepticon_ID,dataset_ID,ID,Local_ID,Language_ID,Parameter_ID,Value,Form,Colex_Key
nyat1246,51,tls,Nyaturuwil-1262_sore-1,,Nyaturuwil,1262_sore,nkhomee,nkhomee,nyat1246_nkhomee
waor1240,861,ids,255-21-180-1,,255,21-180,dẽ apæ̃-te ã-gã,dẽ apæ̃-te ã-gã,waor1240_dẽ apæ̃-te ã-gã
apma1241,1337,transnewguineaorg,ap-ma-pig-1,238648,ap-ma,pig,wushi̠ndrre mȧ̠,wushi̠ndrre mȧ̠,apma1241_wushi̠ndrre mȧ̠
madh1244,683,bowernpny,MathiMathi-230_personhumanbeing-1,,MathiMathi,230_personhumanbeing,wotungi,wotungi,madh1244_wotungi
urax1238,2101,ids,514-4-750-1,,514,4-750,вебкіес,вебкІес,urax1238_вебкіес
zigu1242,700,tls,Zigua-319_carry-1,,Zigua,319_carry,kw-etwika,kw-etwika,zigu1242_kw-etwika
zigu1242,2396,tls,Zigua-1344_strikeknock-1,,Zigua,1344_strikeknock,ku-gong'onda,ku-gong'onda,zigu1242_ku-gong'onda
anam1248,1807,transnewguineaorg,anamgura-afternoon-1,194051,anamgura,afternoon,ɣʉndir,ɣʉndir,anam1248_ɣʉndir
nung1282,2635,suntb,Anong-977_theytwo-1,229833,Anong,977_theytwo,ŋ̩³¹ɳɯŋ⁵⁵si³¹,ŋ̩³¹ɳɯŋ⁵⁵si³¹,nung1282_ŋ̩³¹ɳɯŋ⁵⁵si³¹
konk1267,1313,diacl,49800-121_moon-1,,49800,121_moon,māsu,māsu,konk1267_māsu
zhou1234,2087,allenbai,Zhoucheng-471_clsfordropofwater-1,,Zhoucheng,471_clsfordropofwater,to³³,to³³,zhou1234_to³³
nyan1301,674,bowernpny,Nyangumarta-204_mouth-1,,Nyangumarta,204_mouth,jawa,jawa,nyan1301_jawa
gira1247,1837,transnewguineaorg,girawa-vulva-1,121678,girawa,vulva,mina-,mina-,gira1247_mina-
tehu1242,1039,ids,310-15-550-1,,310,15-550,m'kˀē-,m'kˀē-,tehu1242_m'kˀē-
moer1240,634,zgraggenmadang,moere-116_meat-1,141432,moere,116_meat,wisa,wisa,moer1240_wisa
duna1248,1251,transnewguineaorg,duna-belly-1,1197,duna,belly,takane,takane,duna1248_takane
hyaa1239,2458,kraftchadic,Higighye-79_sweat-1,,Higighye,79_sweat,xwùli,xwùli,hyaa1239_xwùli
mbab1239,924,bowernpny,Mbabaram-320_vegetablefood-1,,Mbabaram,320_vegetablefood,ñjil,ñjil,mbab1239_ñjil
keoo1238,1443,lexirumah,keoo1238-to_walk-1,,keoo1238,to_walk,mbana,ᵐbana,keoo1238_mbana
slov1269,745,northeuralex,slk-315_shelf-2,,slk,315_shelf,polica,pɔɫit͡sa,slov1269_polica
bata1301,1441,diacl,24000-56_tofly-1,,24000,56_tofly,layug,layug,bata1301_layug
kekc1242,2009,wold,Qeqchi-193_thedog-1,,Qeqchi,193_thedog,tz’i’,tz’i’,kekc1242_tz’i’
maor1246,658,ids,236-1-750-3,,236,1-750,maraŋai,maraŋai,maor1246_maraŋai
slov1268,1303,northeuralex,slv-30_finger-1,,slv,30_finger,pŕst,pə˨rst,slov1268_pŕst
nunu1247,352,chenhmongmien,Nunu-730-1,,Nunu,730,tʰo³⁵,tʰo³⁵,nunu1247_tʰo³⁵
bahi1254,906,transnewguineaorg,bahinemo-tree-1,224806,bahinemo,tree,mi,mi,bahi1254_mi
zigu1242,1991,tls,Zigua-777_intestines-1,,Zigua,777_intestines,utumbo,utumbo,zigu1242_utumbo
hinu1240,1929,ids,42-17-242-2,,42,17-242,тіотіра,тІотІра,hinu1240_тіотіра
nucl1301,3006,northeuralex,tur-266_space-1,,tur,266_space,yer,jɛɾ,nucl1301_yer
ngas1240,1683,kraftchadic,Angas-147_thebush-1,,Angas,147_thebush,ši̵t,ši̵t,ngas1240_ši̵t
anka1246,906,transnewguineaorg,ankave-tree-1,6533,ankave,tree,ika',ika',anka1246_ika'
iumi1238,3404,chenhmongmien,Mien-323-1,,Mien,323,ŋwa²³¹,ŋwa²³¹,iumi1238_ŋwa²³¹
maga1261,1897,halenepal,Magar-1232_help-1,264520,Magar,1232_help,saghadi-ke,saghaDi-ke,maga1261_saghadi-ke
anam1248,1839,zgraggenmadang,anamgura-368_cry-1,195484,anamgura,368_cry,yiɣ-,yiɣ-,anam1248_yiɣ-
nort2745,1325,northeuralex,ykg-251_friend-1,,ykg,251_friend,вальбэ,walʲbe,nort2745_вальбэ
gira1247,1474,zgraggenmadang,girawa-176_sea-1,123936,girawa,176_sea,murei,murei,gira1247_murei
nort2697,1227,ids,71-7-570-1,,71,7-570,тахта,тахта,nort2697_тахта
tehi1237,1498,transnewguineaorg,tehit-two-1,21164,tehit,two,la,la,tehi1237_la
suba1238,934,tls,Suba-295_buffalo-1,,Suba,295_buffalo,eng'era,eng'era,suba1238_eng'era
keoo1238,1172,lexirumah,keoo1238-to_shoot-2,,keoo1238,to_shoot,témba,teᵐba,keoo1238_témba
dana1254,2310,zgraggenmadang,danaru-383_us-1,176328,danaru,383_us,sɛŋg-,sɛŋg-,dana1254_sɛŋg-
pamo1253,906,zgraggenmadang,pamosu-144_tree-1,142224,pamosu,144_tree,nʌ,nʌ,pamo1253_nʌ
kekc1242,1332,wold,Qeqchi-1214_theneighbour-1,,Qeqchi,1214_theneighbour,echkab'al,echkab'al,kekc1242_echkab'al
iumi1238,2162,chenhmongmien,Mien-653-1,,Mien,653,tsʰaːu⁵³,tsʰaːu⁵³,iumi1238_tsʰaːu⁵³
muin1242,1663,hubercolumbian,Muinane-81_bed-1,"huber1992/muinane/CATRE, CAMA DE BARBACOA_BED",Muinane,81_bed,kí̵gaíixe,kí̵gaíixe,muin1242_kí̵gaíixe
puel1244,1276,ids,312-14-770-1,,312,14-770,sɨčɨ-xna,sɨčɨ-xna,puel1244_sɨčɨ-xna
pear1247,618,ids,830-1-222-1,,830,1-222,tŭr a`aŋ / k`aŋ,tŭr a`aŋ,pear1247_tŭr a`aŋ / k`aŋ
bora1263,437,hubercolumbian,Bora-136_guan-1,huber1992/bora/PAVA DE MONTE_GUAN,Bora,136_guan,pʰí̵í̵kʰaxi̵,pʰí̵í̵kʰaxi̵,bora1263_pʰí̵í̵kʰaxi̵
maha1287,1489,ids,704-1-730-1,,704,1-730,badəɭ,badəɭ,maha1287_badəɭ
anam1248,1335,zgraggenmadang,anamgura-228_white-1,193588,anamgura,228_white,iya,iya,anam1248_iya
liab1237,2099,lexirumah,liab1237-child-1,,liab1237,child,ana,ana,liab1237_ana
sich1238,843,satterthwaitetb,SichuanYi-348_spider-1,,SichuanYi,348_spider,bbunyipmop,bbunyipmop,sich1238_bbunyipmop
negr1235,379,lexirumah,negr1235-blunt-1,,negr1235,blunt,toikia,toikia,negr1235_toikia
nort2745,1211,northeuralex,ykg-642_he-1,,ykg,642_he,тудэл,tudel,nort2745_тудэл
tokh1242,501,ids,209-10-220-1,,209,10-220,täl-,täl-,tokh1242_täl-
vene1258,1347,logos,Venetianstd-861_napeofneck-1,,Venetianstd,861_napeofneck,bascòll,bascòll,vene1258_bascòll
iumi1238,371,chenhmongmien,Mien-724-1,,Mien,724,tɕim⁵³,tɕim⁵³,iumi1238_tɕim⁵³
vang1243,1442,tryonsolomon,vangunu-317_stand-1,,vangunu,317_stand,tiva,tiva,vang1243_tiva
kekc1242,581,wold,Qeqchi-750_tocomeback-1,,Qeqchi,750_tocomeback,q'ajk,q'ajk,kekc1242_q'ajk
gdon1234,1248,naganorgyalrongic,MaerkangJaphugrGyalrong-7_eye-1,,MaerkangJaphugrGyalrong,7_eye,tɯmɲaʁ,tɯmɲaʁ,gdon1234_tɯmɲaʁ
chah1242,800,tls,Nyaturucha-1410_thigh-1,,Nyaturucha,1410_thigh,nyama a ...?,nyama a ...?,chah1242_nyama a ...?
rapa1244,232,ids,238-3-813-1,,238,3-813,koʔura,koʔura,rapa1244_koʔura
kekc1242,715,wold,Qeqchi-1152_toshout-2,,Qeqchi,1152_toshout,chajok e,chajok e,kekc1242_chajok e
west1506,999,yanglalo,Shuizhuping-247_joint-1,,Shuizhuping,247_joint,tsɿ⁵³,tsɿ⁵³,west1506_tsɿ⁵³
aheu1239,346,ids,827-8-850-1,,827,8-850,thiʔ.b,thiʔ.B,aheu1239_thiʔ.b
nucl1302,1453,northeuralex,kat-969_wash-1,,kat,969_wash,გარეცხავს,ɡɑrɛt͡sʰxɑvs,nucl1302_გარეცხავს
gree1278,1122,ids,424-11-780-1,,424,11-780,ko.13 zai.13,ko.13 zai.13,gree1278_ko.13 zai.13
bora1263,1402,hubercolumbian,Bora-15_womansbreasts-2,"huber1992/bora/TETA, SENO, PECHO_WOMAN’S BREASTS",Bora,15_womansbreasts,mémɯxpʰánʲ e,mémɯxpʰánʲ e,bora1263_mémɯxpʰánʲ e
fasu1242,879,transnewguineaorg,fasu-to-cough-1,81051,fasu,to-cough,yiyoko ane,yiyoko ane,fasu1242_yiyoko ane
moer1240,981,zgraggenmadang,moere-57_elbow-1,140050,moere,57_elbow,moka,moka,moer1240_moka
dana1254,420,transnewguineaorg,danaru-forest-1,180307,danaru,forest,silip,silip,dana1254_silip
yami1256,1414,ids,282-9-343-1,,282,9-343,rɨyo-kĩ,rɨyo-kĩ,yami1256_rɨyo-kĩ
suii1243,1130,ids,415-2-942-2,,415,2-942,ćin.1 ndju.1,ćin.1 ndju.1,suii1243_ćin.1 ndju.1
maor1246,1601,ids,236-4-820-2,,236,4-820,iwikore,iwikore,maor1246_iwikore
aheu1239,1808,ids,827-4-857-1,,827,4-857,lɛ̆h bŭh.b,lɛ̆h bŭh.B,aheu1239_lɛ̆h bŭh.b
inxo1238,1511,ids,54-3-520-1,,54,3-520,хіелеку,хІелеку,inxo1238_хіелеку
gree1278,3223,ids,424-8-550-1,,424,8-550,ʔa.42 khe.42 śi.42,ʔa.42 khe.42 śi.42,gree1278_ʔa.42 khe.42 śi.42
chur1257,1374,ids,199-6-730-1,,199,6-730,prŭstenĭ,prŭstenĭ,chur1257_prŭstenĭ
anam1248,1539,transnewguineaorg,anamgura-basket-1,193416,anamgura,basket,tuwap,tuwap,anam1248_tuwap
sout2674,230,northeuralex,sma-972_sweep-1,,sma,972_sweep,sööpedh,søːpɛdh,sout2674_sööpedh
goem1240,640,kraftchadic,Ankwe-145_mud-1,,Ankwe,145_mud,ɓìyak,ɓìyak,goem1240_ɓìyak
gira1247,1179,transnewguineaorg,girawa-day-after-tomorrow-1,126419,girawa,day-after-tomorrow,omteina,omteina,gira1247_omteina
chip1262,323,ids,270-5-791-1,,270,5-791,kʰewa,kʰewa,chip1262_kʰewa
sher1255,1593,halenepal,SherpaTibetan-1658_deep-1,266723,SherpaTibetan,1658_deep,tingmu,tingmu,sher1255_tingmu
pear1247,1217,ids,830-2-350-1,,830,2-350,kun,kun,pear1247_kun
sout1528,1045,ids,201-18-670-1,,201,18-670,p(j)esnik,pjesnik,sout1528_p(j)esnik
chah1242,354,tls,Nyaturucha-1055_poundgraininamortartoge-1,,Nyaturucha,1055_poundgraininamortartoge,u-kujua,u-kujua,chah1242_u-kujua
yami1256,1567,ids,282-7-220-3,,282,7-220,βɨ-taoṣ̌ ati,βɨ-taoṣ̌ ati,yami1256_βɨ-taoṣ̌ ati
rupa1234,1437,bodtkhobwa,Rupa-469_split-1,,Rupa,469_split,ʨʰeˀ,ʨʰeˀ,rupa1234_ʨʰeˀ
yang1306,1376,beidasinitic,Yangzhou-871_now-2,,Yangzhou,871_now,mɔʔ⁴ɕiɑ⁵⁵,mɔʔ⁴ɕiɑ⁵⁵,yang1306_mɔʔ⁴ɕiɑ⁵⁵
curr1243,436,hubercolumbian,Curripaco-116_whitelippedpeccary-1,huber1992/curripaco/JABALÍ MAYOR_WHITE-LIPPED PECCARY,Curripaco,116_whitelippedpeccary,aapija,aapija,curr1243_aapija
inxo1238,1888,ids,54-13-370-1,,54,13-370,къіуне,къІуне,inxo1238_къіуне
ngin1246,1703,tryonsolomon,nginia-6_six-1,,nginia,6_six,ɔnɔ,ɔnɔ,ngin1246_ɔnɔ
mumm1238,730,transnewguineaorg,mum-snake-1,83460,mum,snake,tau,tau,mumm1238_tau
urax1238,1469,ids,514-14-610-1,,514,14-610,джумягі,джумягІ,urax1238_джумягі
nort2745,1425,northeuralex,ykg-529_green-1,,ykg,529_green,хомоньэй,xomonʲej,nort2745_хомоньэй
bunu1267,2794,diacl,7600-62_fielddry-1,,7600,62_fielddry,homaʔ,homaʔ,bunu1267_homaʔ
zhou1234,1385,allenbai,Zhoucheng-107_pepper-1,,Zhoucheng,107_pepper,su³⁵,su³⁵,zhou1234_su³⁵
maor1246,478,ids,236-4-250-1,,236,4-250,ŋutu,ŋutu,maor1246_ŋutu
chig1238,716,tls,Rukiga-151_beillgroan-1,,Rukiga,151_beillgroan,okurwaara,okurwaara,chig1238_okurwaara
tokh1242,1844,ids,209-10-830-1,,209,10-830,koläm,koläm,tokh1242_koläm
mana1288,1179,wold,Manange-982_thedayaftertomorrow-1,,Manange,982_thedayaftertomorrow,raŋi,raŋi,mana1288_raŋi
shan1277,1337,ids,409-3-350-1,,409,3-350,mu:.3,mu:.3,shan1277_mu:.3
tehu1242,1504,ids,310-3-830-1,,310,3-830,'tˀelgoʔ,'tˀelgoʔ,tehu1242_'tˀelgoʔ
temi1247,505,tls,Sonjo-697_hewhobegetsparent-1,,Sonjo,697_hewhobegetsparent,-bola ngoru,-bOla ngoru,temi1247_-bola ngoru
sout1528,40,ids,201-16-440-2,,201,16-440,zavist,zavist,sout1528_zavist
urax1238,322,ids,514-5-750-1,,514,5-750,инжир,инжир,urax1238_инжир
tafo1238,677,transnewguineaorg,baruga-tafota-axe-2,47662,baruga-tafota,axe,'ooto,'ooto,tafo1238_'ooto
nung1282,1991,suntb,Anong-271_intestines-1,193827,Anong,271_intestines,phɯ³¹iɯ⁵⁵,phɯ³¹iɯ⁵⁵,nung1282_phɯ³¹iɯ⁵⁵
temi1247,274,tls,Sonjo-803_knead-1,,Sonjo,803_knead,kaburu 12,kaburu,temi1247_kaburu 12
masi1270,1393,transnewguineaorg,bine-masingle-horn-2,224415,bine-masingle,horn,gaːle,gaːle,masi1270_gaːle
gudu1250,1188,kraftchadic,Gudu-127_charcoal-1,,Gudu,127_charcoal,řìέšé,řìέšé,gudu1250_řìέšé
puel1244,1232,ids,312-15-851-1,,312,15-851,-a-xɨm-xɨm-ɨ,-a-xɨm-xɨm-ɨ,puel1244_-a-xɨm-xɨm-ɨ
nunu1247,1209,chenhmongmien,Nunu-513-1,,Nunu,513,tɕoŋ²²,tɕoŋ²²,nunu1247_tɕoŋ²²
rapa1244,797,ids,238-4-490-1,,238,4-490,maripau,maripau,rapa1244_maripau
kekc1242,477,wold,Qeqchi-953_late-2,,Qeqchi,953_late,ewu,ewu,kekc1242_ewu
madh1244,1441,bowernpny,MathiMathi-134_fly-1,,MathiMathi,134_fly,bid_igi,bid_igi,madh1244_bid_igi
iumi1238,3434,chenhmongmien,Mien-835-1,,Mien,835,dzu²⁴,dzu²⁴,iumi1238_dzu²⁴
gira1247,1436,transnewguineaorg,girawa-to-scratch-1,128619,girawa,to-scratch,isis arʌru-,isis arʌru-,gira1247_isis arʌru-
gree1278,2133,ids,424-9-210-1,,424,9-210,kho.35,kho.35,gree1278_kho.35
chip1262,3198,ids,270-13-0-2,,270,13-0,akilʸo,akilʸo,chip1262_akilʸo
kasp1234,1429,abrahammonpa,BugunKaspi-97_full-1,,BugunKaspi,97_full,lei,lei,kasp1234_lei
urax1238,657,ids,514-11-870-1,,514,11-870,багьа,багьа,urax1238_багьа
chip1262,1225,ids,270-14-410-2,,270,14-410,noox,noox,chip1262_noox
konk1267,906,diacl,49800-48_tree-1,,49800,48_tree,rūku,rūku,konk1267_rūku
chah1242,1767,tls,Nyaturucha-1155_scrape-1,,Nyaturucha,1155_scrape,u-khokhota,u-khokhota,chah1242_u-khokhota
seba1248,1131,lexirumah,seba1248-1pl_incl-1,,seba1248,1pl_incl,dii,diː,seba1248_dii
mumm1238,897,zgraggenmadang,mum-364_swallow-1,195394,mum,364_swallow,mʉr-,mʉr-,mumm1238_mʉr-
fipa1238,763,tls,Fipa-1222_skin-1,,Fipa,1222_skin,umwili,umwili,fipa1238_umwili
pear1247,1921,ids,830-8-210-1,,830,8-210,a`thai,a`thai,pear1247_a`thai
gain1243,945,transnewguineaorg,gaina-spear-n-1,54340,gaina,spear-n,gi[ka],gi[ka],gain1243_gi[ka]
pume1238,1745,ids,251-4-463-1,,251,4-463,apɛ hu,apɛ hu,pume1238_apɛ hu
ixre1238,33,ids,528-8-970-1,,528,8-970,макъвал,макъвал,ixre1238_макъвал
waid1239,1201,transnewguineaorg,gizra-waidoro-feather-1,225943,gizra-waidoro,feather,ŋun,ŋun,waid1239_ŋun
dana1254,1380,zgraggenmadang,danaru-46_tooth-1,176815,danaru,46_tooth,-mʌg-,-mʌg-,dana1254_-mʌg-
fipa1238,1944,tls,Fipa-643_god-2,,Fipa,643_god,"ileza, imuungu",imuungu,"fipa1238_ileza, imuungu"
mala1483,1248,tryonsolomon,malagheti-24_eye-1,,malagheti,24_eye,maka-na,maka-na,mala1483_maka-na
aheu1239,1225,ids,827-14-410-1,,827,14-410,mɨʔ.b,mɨʔ.B,aheu1239_mɨʔ.b
tokh1242,1406,ids,209-12-440-1,,209,12-440,lok,lok,tokh1242_lok
ixre1238,3457,ids,528-6-780-1,,528,6-780,гьуклий лаъады,гьуклий лаъады,ixre1238_гьуклий лаъады
pina1252,1205,transnewguineaorg,aramo-tongue-2,163561,aramo,tongue,su'ə,su'ə,pina1252_su'ə
nort2745,1803,northeuralex,ykg-299_wood-1,,ykg,299_wood,саал,saːl,nort2745_саал
vang1243,1703,tryonsolomon,vangunu-6_six-1,,vangunu,6_six,ɔnɔmɔ,ɔnɔmɔ,vang1243_ɔnɔmɔ
kamb1297,1732,tls,KambaKitu-846_lightsky-1,,KambaKitu,846_lightsky,yayaya,yayaya,kamb1297_yayaya
suii1243,1624,ids,415-13-220-2,,415,13-220,ɣo.2,ɣo.2,suii1243_ɣo.2
nung1282,3079,suntb,Anong-189_barleytibetan-1,189645,Anong,189_barleytibetan,kɑ³¹sɯ³¹uɑ⁵⁵,kɑ³¹sɯ³¹uɑ⁵⁵,nung1282_kɑ³¹sɯ³¹uɑ⁵⁵
sout2674,1084,northeuralex,sma-990_call-2,,sma,990_call,tjåarvodh,t͡ʃoɒrβudh,sout2674_tjåarvodh
liab1237,926,lexirumah,liab1237-uncooked_rice-1,,liab1237,uncooked_rice,ɓae,ɓae,liab1237_ɓae
slov1268,683,northeuralex,slv-192_human-1,,slv,192_human,člôvek,t͡ʃlo˦ːʋɛk,slov1268_člôvek
maga1261,1455,halenepal,Magar-177_pull-1,262067,Magar,177_pull,thut-ke,thuT-ke,maga1261_thut-ke
vene1258,1064,logos,Venetianstd-671_shield-1,,Venetianstd,671_shield,escut,escut,vene1258_escut
seba1248,930,lexirumah,seba1248-village-1,,seba1248,village,kapo,kapo,seba1248_kapo
maor1246,1231,ids,236-14-130-1,,236,14-130,hoou,hoou,maor1246_hoou
blan1242,2130,ids,801-6-550-1,,801,6-550,ka.31 ćhɨp.33,ka.31 ćhɨp.33,blan1242_ka.31 ćhɨp.33
maor1246,602,ids,236-12-270-4,,236,12-270,whaka-ŋaro-mia,whaka-ŋaro-mia,maor1246_whaka-ŋaro-mia
ghar1239,946,tryonsolomon,ghari-17_blood-1,,ghari,17_blood,ɣambu-na,ɣambu-na,ghar1239_ɣambu-na
kasp1234,1247,abrahammonpa,BugunKaspi-66_ear-1,,BugunKaspi,66_ear,khõ,khõ,kasp1234_khõ
nort2745,1389,northeuralex,ykg-33_toe-1,,ykg,33_toe,сисха,sisxa,nort2745_сисха
chur1257,3195,ids,199-11-280-2,,199,11-280,otŭštetiti,otŭštetiti,chur1257_otŭštetiti
inxo1238,1162,ids,54-17-410-2,,54,17-410,мурад,мурад,inxo1238_мурад
sout2674,2917,northeuralex,sma-634_nextto-1,,sma,634_nextto,baaltese,pɑːltɛsɛ,sout2674_baaltese
gira1247,1278,zgraggenmadang,girawa-318_vomit-1,127366,girawa,318_vomit,ʔese-,ʔese-,gira1247_ʔese-
wiru1244,906,transnewguineaorg,wiru-tree-1,2221,wiru,tree,yomo,yomo,wiru1244_yomo
rihu1237,492,tryonsolomon,rihua-3_three-1,,rihua,3_three,!oru,!oru,rihu1237_!oru
seba1248,1459,lexirumah,seba1248-if-1,,seba1248,if,kiri,kiri,seba1248_kiri
nucl1302,639,northeuralex,kat-96_mountain-1,,kat,96_mountain,მთა,mtʰɑ,nucl1302_მთა
yaqu1251,1223,wold,Yaqui-317_theheart-1,,Yaqui,317_theheart,jiapsi,jiapsi,yaqu1251_jiapsi
emab1235,1781,ids,422-4-342-1,,422,4-342,li.0 miə.11 ŋɛk.11,li.0 miə.11 ŋɛk.11,emab1235_li.0 miə.11 ŋɛk.11
ngin1246,1634,tryonsolomon,nginia-11_hundred-1,,nginia,11_hundred,kesa saŋatu,kesa saŋatu,ngin1246_kesa saŋatu
mala1522,670,hubercolumbian,Dimina-158_root-1,huber1992/dí̵mi̵na/RAÍZ_ROOT,Dimina,158_root,ki̵n ʃiwana,ki̵n ʃiwana,mala1522_ki̵n ʃiwana
maor1246,301,ids,236-19-240-3,,236,19-240,paahi,paahi,maor1246_paahi
pear1247,1851,ids,830-6-610-1,,830,6-610,thvŋ s`tɔ,thvŋ s`tɔ,pear1247_thvŋ s`tɔ
aheu1239,1884,ids,827-15-740-1,,827,15-740,zak.f,zak.F,aheu1239_zak.f
nort2697,657,ids,71-11-870-1,,71,11-870,гијмәт,гијмәт,nort2697_гијмәт
masi1269,1577,lexirumah,masi1269-and-1,,masi1269,and,se,se,masi1269_se
bina1279,1343,transnewguineaorg,proto-binandere-sun-1,54723,proto-binandere,sun,*iji,*iji,bina1279_*iji
suba1238,1759,tls,Suba-17_olderbrother-1,,Suba,17_olderbrother,mura uw-omokoro,mura uw-omokoro,suba1238_mura uw-omokoro
niva1238,1580,ids,307-13-330-1,,307,13-330,weʔɬa-ʔe,weʔɬa-ʔe,niva1238_weʔɬa-ʔe
masi1269,112,lexirumah,masi1269-turtle-1,,masi1269,turtle,kapoluka,kapoluka,masi1269_kapoluka
ngiz1242,1877,kraftchadic,Ngizim-333_east-1,,Ngizim,333_east,cεɗ,cεɗ,ngiz1242_cεɗ
rupa1234,2648,bodtkhobwa,Rupa-222_hairhead-1,,Rupa,222_hairhead,gə+zaŋ,gə+zaŋ,rupa1234_gə+zaŋ
temi1247,146,tls,Sonjo-1357_sugarcane-1,,Sonjo,1357_sugarcane,nkuru 9,nkuru,temi1247_nkuru 9
chig1238,1005,tls,Rukiga-1476_twin-1,,Rukiga,1476_twin,"empasha,omuhasha(one)",empasha,"chig1238_empasha,omuhasha(one)"
moer1240,262,transnewguineaorg,moere-he-she-1,139175,moere,he-she,o-no,o-no,moer1240_o-no
pamo1253,1489,zgraggenmadang,pamosu-181_cloud-1,143074,pamosu,181_cloud,sepelak,sepelak,pamo1253_sepelak
tehu1242,478,ids,310-4-250-1,,310,4-250,'šam,'šam,tehu1242_'šam
bora1263,1201,hubercolumbian,Bora-262_feather-1,huber1992/bora/PLÁTANO_PLANTAIN,Bora,262_feather,ɯxi̵,ɯxi̵,bora1263_ɯxi̵
suii1243,1157,ids,415-17-520-1,,415,17-520,wi.6,wi.6,suii1243_wi.6
nung1282,1850,suntb,Anong-199_cotton-1,190155,Anong,199_cotton,dɑ³¹uŋ³⁵,dɑ³¹uŋ³⁵,nung1282_dɑ³¹uŋ³⁵
kali1300,1725,lexirumah,lama1277-kalik-correct-2,,lama1277-kalik,correct,nər moi,nər_moi,kali1300_nər moi
urax1238,1449,ids,514-9-310-2,,514,9-310,дуэс,дуэс,urax1238_дуэс
tokh1242,1676,ids,209-14-310-1,,209,14-310,skam,skam,tokh1242_skam
alya1239,801,bowernpny,Alyawarr-236_rib-1,,Alyawarr,236_rib,ngkerraly,ngkerraly,alya1239_ngkerraly
nort2697,1710,ids,71-13-104-1,,71,13-104,ијирми,ијирми,nort2697_ијирми
ixre1238,1598,ids,528-12-470-1,,528,12-470,шимал,шимал,ixre1238_шимал
emab1235,994,ids,422-20-240-1,,422,20-240,kuŋ.33,kuŋ.33,emab1235_kuŋ.33
rapa1244,10,ids,238-1-880-1,,238,1-880,huka-huka,huka-huka,rapa1244_huka-huka
apma1241,671,transnewguineaorg,ap-ma-sand-2,238679,ap-ma,sand,mwo̠i̠yang,mwo̠i̠yang,apma1241_mwo̠i̠yang
urax1238,598,ids,514-3-655-1,,514,3-655,гъяйківори,гъяйкІвори,urax1238_гъяйківори
nyat1246,805,tls,Nyaturuwil-112_backbone-1,,Nyaturuwil,112_backbone,ikufa ra mughongo,ikufa ra mughongo,nyat1246_ikufa ra mughongo
goem1240,1303,kraftchadic,Ankwe-54_finger-1,,Ankwe,54_finger,žàpki̵sà,žàpki̵sà,goem1240_žàpki̵sà
humb1243,1742,hantganbangime,Songhai_Senni-278_traverse-1,,Songhai_Senni,278_traverse,kòttô,kòttô,humb1243_kòttô
chah1242,1215,tls,Nyaturucha-1582_yousg-1,,Nyaturucha,1582_yousg,veve,veve,chah1242_veve
gira1247,178,transnewguineaorg,girawa-ripe-1,125714,girawa,ripe,hore,hore,gira1247_hore
tran1282,1424,diacl,39200-6_colourtermyellow-2,,39200,6_colourtermyellow,*melino-,*melino-,tran1282_*melino-
slov1269,1537,northeuralex,slk-458_spring-1,,slk,458_spring,jar,jar,slov1269_jar
koto1251,1519,lexirumah,koto1251-to_run-1,,koto1251,to_run,n-aena,n+aena,koto1251_n-aena
maha1287,1508,ids,704-19-320-2,,704,19-320,radza,radza,maha1287_radza
chig1238,700,tls,Rukiga-1382_takecarry-1,,Rukiga,1382_takecarry,okutwara,okutwara,chig1238_okutwara
tehu1242,1963,ids,310-14-190-1,,310,14-190,'kˀokr-šo,'kˀokr-šo,tehu1242_'kˀokr-šo
anam1248,646,zgraggenmadang,anamgura-164_ashes-1,192745,anamgura,164_ashes,aiɣɨpa,aiɣɨpa,anam1248_aiɣɨpa
shan1277,1047,ids,409-10-530-1,,409,10-530,lɛn.4 cɔ:m.1,lɛn.4 cɔ:m.1,shan1277_lɛn.4 cɔ:m.1
nucl1301,761,northeuralex,tur-827_cover-2,,tur,827_cover,kaplamak,kaplamak,nucl1301_kaplamak
assa1263,156,diacl,48300-3_colourtermred-1,,48300,3_colourtermred,"rātā, rātul",rātā,"assa1263_rātā, rātul"
koko1269,1425,tryonsolomon,kokota-211_green-1,,kokota,211_green,dodoli,dodoli,koko1269_dodoli
orow1243,1325,diacl,34400-115_friend-1,,34400,115_friend,win ma ne',win ma ne',orow1243_win ma ne'
chah1242,1601,tls,Nyaturucha-1526_weak-1,,Nyaturucha,1526_weak,ntina nguu,ntina nguu,chah1242_ntina nguu
vene1258,782,logos,Venetianstd-675_defeat-1,,Venetianstd,675_defeat,derrota,derrota,vene1258_derrota
sina1266,570,transnewguineaorg,sinaugoro-to-stand-up-1,260116,sinaugoro,to-stand-up,ruvaiti-,ruvaiti-,sina1266_ruvaiti-
suba1238,2510,tls,Suba-1048_porcupine-1,,Suba,1048_porcupine,ekerongo,ekerongo,suba1238_ekerongo
maor1246,889,ids,236-1-820-1,,236,1-820,mura,mura,maor1246_mura
kekc1242,1543,wold,Qeqchi-237_thesnail-3,,Qeqchi,237_thesnail,tziitzib’,tziitzib’,kekc1242_tziitzib’
urax1238,1244,ids,514-12-630-2,,514,12-630,ціерхьил,цІерхьил,urax1238_ціерхьил
yami1256,245,ids,282-9-380-1,,282,9-380,mãc̷o-ti,mãc̷o-ti,yami1256_mãc̷o-ti
kekc1242,1421,wold,Qeqchi-402_tosuck-1,,Qeqchi,402_tosuck,tz'ub'uk,tz'ub'uk,kekc1242_tz'ub'uk
blan1242,1330,ids,801-20-440-1,,801,20-440,khɔ.31 juŋ.51,khɔ.31 juŋ.51,blan1242_khɔ.31 juŋ.51
niva1238,1451,ids,307-16-251-1,,307,16-251,-ay-ʔin,-ay-ʔin,niva1238_-ay-ʔin
anam1248,1236,zgraggenmadang,anamgura-264_what-2,193972,anamgura,264_what,anʌmgur,anʌmgur,anam1248_anʌmgur
pume1238,267,ids,251-3-812-1,,251,3-812,nẽ nɨ̃,nẽ nɨ̃,pume1238_nẽ nɨ̃
suba1238,1560,tls,Suba-512_face-1,,Suba,512_face,ubhusyo,ubhusyo,suba1238_ubhusyo
puel1244,392,ids,312-22-420-1,,312,22-420,waxnaknɨk,waxnaknɨk,puel1244_waxnaknɨk
orej1242,1282,hubercolumbian,Orejon-259_greaseanimalfat-1,"huber1992/orejón/GRASA_GREASE, ANIMAL FAT",Orejon,259_greaseanimalfat,ba,ba,orej1242_ba
sout1528,3195,ids,201-11-280-1,,201,11-280,(o)štetiti,oštetiti,sout1528_(o)štetiti
chip1262,772,ids,270-6-570-1,,270,6-570,c̷ʰayi,c̷ʰayi,chip1262_c̷ʰayi
chah1242,1543,tls,Nyaturucha-1249_snailslug-1,,Nyaturucha,1249_snailslug,mbeghogho,mbeghogho,chah1242_mbeghogho
pear1247,281,ids,830-7-560-1,,830,7-560,tćɔŋ,tćɔŋ,pear1247_tćɔŋ
yami1256,1270,ids,282-17-690-1,,282,17-690,aβɨskai...-mɨ̃,aβɨskai...-mɨ̃,yami1256_aβɨskai...-mɨ̃
kekc1242,1326,wold,Qeqchi-840_down-1,,Qeqchi,840_down,chi rub’el,chi rub’el,kekc1242_chi rub’el
chig1238,1449,tls,Rukiga-1140_rub-1,,Rukiga,1140_rub,okusiiga,okusiiga,chig1238_okusiiga
west1506,1667,yanglalo,Shuizhuping-31_holeinground-1,,Shuizhuping,31_holeinground,kʰv̩²⁴,kʰv̩²⁴,west1506_kʰv̩²⁴
nucl1696,1906,kraftchadic,Tangale-290_sourness-1,,Tangale,290_sourness,sòm,sòm,nucl1696_sòm
rapa1244,1776,ids,238-16-450-1,,238,16-450,haʔa mā,haʔa mā,rapa1244_haʔa mā
saam1283,1508,tls,Lvhyia-801_king-1,,Lvhyia,801_king,mwami,mwami,saam1283_mwami
urax1238,703,ids,514-14-331-1,,514,14-331,джавле,джавле,urax1238_джавле
chur1257,1156,ids,199-12-240-2,,199,12-240,otvoriti,otvoriti,chur1257_otvoriti
gudu1250,411,kraftchadic,Gudu-239_calabash-1,,Gudu,239_calabash,ɓá,ɓá,gudu1250_ɓá
keoo1238,1217,lexirumah,keoo1238-father-3,,keoo1238,father,bapa,bapa,keoo1238_bapa
gudu1252,1357,kraftchadic,Gava-31_daughter-1,,Gava,31_daughter,dùɣwà,dùɣwà,gudu1252_dùɣwà
orej1242,437,hubercolumbian,Orejon-136_guan-1,huber1992/orejón/PAVA DE MONTE_GUAN,Orejon,136_guan,uhe,uhe,orej1242_uhe
shan1277,489,ids,409-4-451-1,,409,4-451,taj.3,taj.3,shan1277_taj.3
ixre1238,129,ids,528-5-190-2,,528,5-190,бугъмишвалды,бугъмишвалды,ixre1238_бугъмишвалды
blan1242,1149,ids,801-2-750-1,,801,2-750,maŋ.31 ʔən.33 kui.33 ma.31 kɨiŋ.51,maŋ.31 ʔən.33 kui.33 ma.31 kɨiŋ.51,blan1242_maŋ.31 ʔən.33 kui.33 ma.31 kɨiŋ.51
rapa1244,192,ids,238-12-760-1,,238,12-760,pini,pini,rapa1244_pini
nyat1246,1917,tls,Nyaturuwil-1432_tiefasten-1,,Nyaturuwil,1432_tiefasten,utunga,utunga,nyat1246_utunga
fipa1238,288,tls,Fipa-586_forge-1,,Fipa,586_forge,ukusula ivyeela,ukusula ivyeela,fipa1238_ukusula ivyeela
kekc1242,1898,wold,Qeqchi-1347_thespectaclesglasses-2,,Qeqchi,1347_thespectaclesglasses,anyooj,anyooj,kekc1242_anyooj
pamo1253,3038,zgraggenmadang,pamosu-14_siblingsamesexyounger-1,138888,pamosu,14_siblingsamesexyounger,imaha,imaha,pamo1253_imaha
nort2697,731,ids,71-5-900-1,,71,5-900,ички,ички,nort2697_ички
sich1238,1274,satterthwaitetb,SichuanYi-303_salt-1,,SichuanYi,303_salt,ce,ce,sich1238_ce
pume1238,1593,ids,251-12-670-1,,251,12-670,urɛdi,urɛdi,pume1238_urɛdi
seba1248,750,lexirumah,seba1248-to_drop-2,,seba1248,to_drop,pekelole,pekelole,seba1248_pekelole
niva1238,1131,ids,307-2-941-1,,307,2-941,kas-'waača,kas-'waača,niva1238_kas-'waača
tokh1242,1467,ids,209-12-820-1,,209,12-820,sark,sark,tokh1242_sark
gira1247,977,zgraggenmadang,girawa-196a_arrowarrowa-1,124413,girawa,196a_arrowarrowa,zɛt mu,zɛt mu,gira1247_zɛt mu
urax1238,2256,ids,514-2-621-1,,514,2-621,хъубешаба,хъубешаба,urax1238_хъубешаба
mula1254,1236,transnewguineaorg,mulaha-what-1,260022,mulaha,what,anaba,anaba,mula1254_anaba
pear1247,1810,ids,830-16-540-1,,830,16-540,ṃə́m źɔ,ṃə́m źɔ,pear1247_ṃə́m źɔ
chur1257,1561,ids,199-20-150-1,,199,20-150,vojĭ,vojĭ,chur1257_vojĭ
nucl1302,2903,northeuralex,kat-984_chat-1,,kat,984_chat,ბაასობს,bɑɑsɔbs,nucl1302_ბაასობს
mand1423,2271,tls,Manda-1418_thinkimagine-1,,Manda,1418_thinkimagine,kuholalela,kuholalela,mand1423_kuholalela
naue1237,2666,lexirumah,naue1237-sole_of_foot-1,,naue1237,sole_of_foot,kele-wala,kele_wala,naue1237_kele-wala
wira1262,1297,bowernpny,Wiradjuri-182_leg-1,,Wiradjuri,182_leg,boyo,Boyo,wira1262_boyo
liab1237,227,lexirumah,liab1237-fish-1,,liab1237,fish,kenta,keⁿta,liab1237_kenta
kekc1242,601,wold,Qeqchi-1084_tolie2-4,,Qeqchi,1084_tolie2,yik'ti'ink,yik'ti'ink,kekc1242_yik'ti'ink
suba1238,186,tls,Suba-1200_shinbone-1,,Suba,1200_shinbone,omohandi,omohandi,suba1238_omohandi
gree1278,1227,ids,424-7-570-1,,424,7-570,ʔa.42 ŋkui.13 (ŋui.13) śi.42,ʔa.42 ŋkui.13 ŋui.13 śi.42,gree1278_ʔa.42 ŋkui.13 (ŋui.13) śi.42
mand1423,1159,tls,Manda-275_breakwind-2,,Manda,275_breakwind,kubungula,kubungula,mand1423_kubungula
niva1238,3450,ids,307-17-620-1,,307,17-620,ta tˀaxɔʔx,ta tˀaxɔʔx,niva1238_ta tˀaxɔʔx
waor1240,1068,ids,255-21-150-1,,255,21-150,owẽ-po-kĩ -bãka-dẽ,owẽ-po-kĩ -bãka-dẽ,waor1240_owẽ-po-kĩ -bãka-dẽ
koto1251,586,lexirumah,koto1251-garden-1,,koto1251,garden,rene,rene,koto1251_rene
wiru1244,235,transnewguineaorg,wiru-flying-fox-1,80867,wiru,flying-fox,kaima,kaima,wiru1244_kaima
waor1240,743,ids,255-14-260-2,,255,14-260,idæwaa,idæwaa,waor1240_idæwaa
gree1278,1838,ids,424-4-430-1,,424,4-430,lei.35 lau.31,lei.35 lau.31,gree1278_lei.35 lau.31
komo1261,977,lexirumah,komo1261-arrow-1,,komo1261,arrow,sumpéq,suᵐpeʔ,komo1261_sumpéq
chah1242,625,tls,Nyaturucha-812_lamp-1,,Nyaturucha,812_lamp,taa,taa,chah1242_taa
waru1265,1421,bowernpny,Warumungu-283_suck-1,,Warumungu,283_suck,piny-paranjan,piny-paranjan,waru1265_piny-paranjan
ngiz1242,1185,kraftchadic,Ngizim-203_vulture-1,,Ngizim,203_vulture,dishawu,dishawu,ngiz1242_dishawu
sher1255,163,halenepal,SherpaTibetan-90_black-1,269450,SherpaTibetan,90_black,nak◦pu,nak◦pu,sher1255_nak◦pu
tafo1238,1629,transnewguineaorg,baruga-tafota-evening-3,49813,baruga-tafota,evening,ũgobo,ũgobo,tafo1238_ũgobo
bung1265,760,tls,Bungu-807_knot-1,,Bungu,807_knot,ifundo,ifundo,bung1265_ifundo
pear1247,568,ids,830-10-210-1,,830,10-210,źə́h ŋɔʔ,źə́h ŋɔʔ,pear1247_źə́h ŋɔʔ
maha1287,897,ids,704-5-181-1,,704,5-181,g'ʊ̀ʈɳõ,g'ʊ̀ʈɳõ,maha1287_g'ʊ̀ʈɳõ
dana1254,1509,transnewguineaorg,danaru-mosquito-1,178398,danaru,mosquito,genʌŋg,genʌŋg,dana1254_genʌŋg
inxo1238,632,ids,54-3-960-1,,54,3-960,къуркъач,къуркъач,inxo1238_къуркъач
saam1283,1124,tls,Lvhyia-1447_tobaccopipe-1,,Lvhyia,1447_tobaccopipe,lugata,lugata,saam1283_lugata
gudu1252,931,kraftchadic,Gava-221_millet-1,,Gava,221_millet,màɗiawà,màɗiawà,gudu1252_màɗiawà
kali1300,1035,lexirumah,lama1277-kalik-good-2,,lama1277-kalik,good,alus,alus,kali1300_alus
waor1240,1207,ids,255-14-140-1,,255,14-140,wẽ-yæ̃,wẽ-yæ̃,waor1240_wẽ-yæ̃
fipa1238,1127,tls,Fipa-1171_send-1,,Fipa,1171_send,ukutwaala,ukutwaala,fipa1238_ukutwaala
kekc1242,672,wold,Qeqchi-952_early-1,,Qeqchi,952_early,eq'la,eq'la,kekc1242_eq'la
nggw1242,1290,kraftchadic,Ngwaxi-161_elephant-1,,Ngwaxi,161_elephant,cɩwə̀r̃,cɩwə̀r̃,nggw1242_cɩwə̀r̃
kali1300,2680,lexirumah,lama1277-kalik-machete-2,,lama1277-kalik,machete,peˈda,peˈda,kali1300_peˈda
saam1283,1085,tls,Lvhyia-579_follow-1,,Lvhyia,579_follow,khu-londa,khu-londa,saam1283_khu-londa
chur1257,640,ids,199-1-214-1,,199,1-214,brĭnĭje,brĭnĭje,chur1257_brĭnĭje
west1506,3549,yanglalo,Shuizhuping-147_nest-2,,Shuizhuping,147_nest,kʰɨ²⁴,kʰɨ²⁴,west1506_kʰɨ²⁴
chur1257,754,ids,199-14-230-2,,199,14-230,podvignąti sę,podvignąti sę,chur1257_podvignąti sę
nucl1302,1659,northeuralex,kat-336_doll-1,,kat,336_doll,თოჯინა,tʰɔd͡ʒinɑ,nucl1302_თოჯინა
saam1283,1648,tls,Lvhyia-84_anvil-1,,Lvhyia,84_anvil,lwirianyilu,lwirianyilu,saam1283_lwirianyilu
mala1484,1421,tryonsolomon,malango-318_suck-1,,malango,318_suck,mučua,mučua,mala1484_mučua
yaqu1251,755,wold,Yaqui-1170_todeny-1,,Yaqui,1170_todeny,nekaroa,nekaroa,yaqu1251_nekaroa
nyat1246,1278,tls,Nyaturuwil-1501_vomit-1,,Nyaturuwil,1501_vomit,uruka,uruka,nyat1246_uruka
komo1261,1585,lexirumah,komo1261-to_sleep-1,,komo1261,to_sleep,leku,ləku,komo1261_leku
mana1288,1500,wold,Manange-914_four-1,,Manange,914_four,4pʰli,4pʰli,mana1288_4pʰli
sout2674,1417,northeuralex,sma-944_kill-1,,sma,944_kill,buvvedh,pʉβːɛdh,sout2674_buvvedh
urax1238,3448,ids,514-5-470-2,,514,5-470,камъес,камъес,urax1238_камъес
yami1256,1208,ids,282-3-620-1,,282,3-620,mĩšito,mĩšito,yami1256_mĩšito
chur1257,1700,ids,199-14-680-2,,199,14-680,sąbota,sąbota,chur1257_sąbota
sout1528,943,ids,201-1-390-2,,201,1-390,slap,slap,sout1528_slap
saam1283,1864,tls,Lvhyia-757_hunger-1,,Lvhyia,757_hunger,inzala,inzala,saam1283_inzala
west2927,156,diacl,46000-3_colourtermred-1,,46000,3_colourtermred,lolo,lolo,west2927_lolo
gdon1234,2410,naganorgyalrongic,MaerkangJaphugrGyalrong-958_prettycute-1,,MaerkangJaphugrGyalrong,958_prettycute,mpɕɤr,mpɕɤr,gdon1234_mpɕɤr
chah1242,1414,tls,Nyaturucha-1572_wring-1,,Nyaturucha,1572_wring,u-minya,u-minya,chah1242_u-minya
komy1238,1741,transnewguineaorg,komyandaret-above-1,210852,komyandaret,above,ˈsjæbɔwɑ,ˈsjæbɔwɑ,komy1238_ˈsjæbɔwɑ
sout1528,290,ids,201-9-251-1,,201,9-251,bradva,bradva,sout1528_bradva
waor1240,476,ids,255-5-350-1,,255,5-350,owæ-ta,owæ-ta,waor1240_owæ-ta
moer1240,1494,zgraggenmadang,moere-302_die-1,145736,moere,302_die,mu,mu,moer1240_mu
hyaa1239,452,kraftchadic,Higighye-125_dryseason-1,,Higighye,125_dryseason,gəxə̀lε,gəxə̀lε,hyaa1239_gəxə̀lε
zhou1234,2035,allenbai,Zhoucheng-17_pond-1,,Zhoucheng,17_pond,pɯ³³,pɯ³³,zhou1234_pɯ³³
pany1241,1346,bowernpny,Panyjima-303_throat-1,,Panyjima,303_throat,wangkarrpa,wangkarrpa,pany1241_wangkarrpa
ixre1238,117,ids,528-17-172-1,,528,17-172,ыхъыъын,ыхъыъын,ixre1238_ыхъыъын
komo1261,1681,lexirumah,komo1261-waist-1,,komo1261,waist,tekejong,təkəd͡ʒoŋ,komo1261_tekejong
nucl1302,1291,northeuralex,kat-20_back-1,,kat,20_back,ზურგი,zurɡi,nucl1302_ზურგი
apma1241,1408,transnewguineaorg,ap-ma-to-hear-1,238720,ap-ma,to-hear,ka̠n me̠ten ma̠o̠,ka̠n me̠ten ma̠o̠,apma1241_ka̠n me̠ten ma̠o̠
nort2697,380,ids,71-15-890-2,,71,15-890,јығылмыш,јығылмыш,nort2697_јығылмыш
rapa1244,1940,ids,238-20-471-2,,238,20-471,mutoʔi,mutoʔi,rapa1244_mutoʔi
kekc1242,1183,wold,Qeqchi-296_thepalmofthehand-1,,Qeqchi,296_thepalmofthehand,sa’ uq’,sa’ uq’,kekc1242_sa’ uq’
pamo1253,1336,zgraggenmadang,pamosu-348_eat-1,146894,pamosu,348_eat,onom-,onom-,pamo1253_onom-
kekc1242,1598,wold,Qeqchi-880_thenorth-1,,Qeqchi,880_thenorth,releb' iq',releb' iq',kekc1242_releb' iq'
sais1237,1507,diacl,30700-46_fruit-2,,30700,46_fruit,boway,boway,sais1237_boway
fipa1238,2546,tls,Fipa-136_beadjacentborder-1,,Fipa,136_beadjacentborder,ukupalamilana,ukupalamilana,fipa1238_ukupalamilana
bung1265,1419,tls,Bungu-137_beafraid-1,,Bungu,137_beafraid,kutina,kutina,bung1265_kutina
hinu1240,728,ids,42-13-340-1,,42,13-340,алдогъос,алдогъос,hinu1240_алдогъос
gira1247,1040,transnewguineaorg,girawa-hair-1,121481,girawa,hair,uriʔ,uriʔ,gira1247_uriʔ
mala1484,1577,tryonsolomon,malango-197_and-2,,malango,197_and,maia,maia,mala1484_maia
ineb1235,2108,transnewguineaorg,one-inebu-rain-1,243862,one-inebu,rain,ti:pəla,ti:pəla,ineb1235_ti:pəla
yami1256,1848,ids,282-19-620-2,,282,19-620,βɨratɨ-nã-kan-i,βɨratɨ-nã-kan-i,yami1256_βɨratɨ-nã-kan-i
gree1278,1600,ids,424-6-460-1,,424,6-460,pa.42 ʔʒin.35,pa.42 ʔʒin.35,gree1278_pa.42 ʔʒin.35
alya1239,1485,bowernpny,Alyawarr-41_below-1,,Alyawarr,41_below,"kwutn, kwutneng",kwutn,"alya1239_kwutn, kwutneng"
tokh1242,1928,ids,209-14-280-1,,209,14-280,ār-,ār-,tokh1242_ār-
madh1244,1229,bowernpny,MathiMathi-217_old-1,,MathiMathi,217_old,nharambin,nharambin,madh1244_nharambin
emab1235,1897,ids,422-19-580-1,,422,19-580,paŋ.24,paŋ.24,emab1235_paŋ.24
pamo1253,1346,transnewguineaorg,pamosu-throat-1,139906,pamosu,throat,uramu genap,uramu genap,pamo1253_uramu genap
nunu1247,1390,chenhmongmien,Nunu-587-1,,Nunu,587,lua¹³,lua¹³,nunu1247_lua¹³
chan1326,3370,beidasinitic,Changsha-574_leanondependon-1,,Changsha,574_leanondependon,kʰau⁵⁵,kʰau⁵⁵,chan1326_kʰau⁵⁵
saam1283,1324,tls,Lvhyia-1235_slipbeslippery-1,,Lvhyia,1235_slipbeslippery,khu-relela,khu-relela,saam1283_khu-relela
nunu1247,1378,chenhmongmien,Nunu-383-1,,Nunu,383,xəu³³,xəu³³,nunu1247_xəu³³
yaqu1251,1152,wold,Yaqui-351_tobeget-1,,Yaqui,351_tobeget,te’ochia,te’ochia,yaqu1251_te’ochia
moer1240,1334,transnewguineaorg,moere-guts-1,140393,moere,guts,urem,urem,moer1240_urem
saam1283,2099,tls,Lvhyia-346_child-1,,Lvhyia,346_child,mwana,mwana,saam1283_mwana
ngin1246,1218,tryonsolomon,nginia-119_rope-1,,nginia,119_rope,tai,tai,ngin1246_tai
slov1268,937,northeuralex,slv-148_bird-2,,slv,148_bird,ptíca,pti˨ːt͡sa,slov1268_ptíca
lati1261,1308,logos,Latinstd-484_doubt-1,,Latinstd,484_doubt,dubium,dubium,lati1261_dubium
gudu1250,1598,kraftchadic,Gudu-331_north-1,,Gudu,331_north,wéɩlà,wéɩlà,gudu1250_wéɩlà
urax1238,3201,ids,514-19-590-2,,514,19-590,мишетiикiвес,мишетIикIвес,urax1238_мишетiикiвес
west2927,1239,diacl,46000-79_how-1,,46000,79_how,sar,sar,west2927_sar
pamo1253,2275,transnewguineaorg,pamosu-shadow-1,140870,pamosu,shadow,kukut,kukut,pamo1253_kukut
alya1239,1507,bowernpny,Alyawarr-140_fruit-1,,Alyawarr,140_fruit,amern,amern,alya1239_amern
shan1277,3192,ids,409-9-660-1,,409,9-660,tɔ:ŋ.1 lə:ŋ.3,tɔ:ŋ.1 lə:ŋ.3,shan1277_tɔ:ŋ.1 lə:ŋ.3
rapa1244,1127,ids,238-10-630-1,,238,10-630,haka maʔu,haka maʔu,rapa1244_haka maʔu
apma1241,163,transnewguineaorg,ap-ma-black-1,238684,ap-ma,black,u̠wong,u̠wong,apma1241_u̠wong
gira1247,680,transnewguineaorg,girawa-to-break-1,127835,girawa,to-break,pʌruru,pʌruru,gira1247_pʌruru
anya1244,465,castrosui,TangnianYangAn-447_tocarryonback-1,,TangnianYangAn,447_tocarryonback,ʔam⁵,ʔam⁵,anya1244_ʔam⁵
dana1254,1371,transnewguineaorg,danaru-knee-1,177345,danaru,knee,wɛgəpʌᵱ,wɛgəpʌᵱ,dana1254_wɛgəpʌᵱ
rupa1234,3263,bodtkhobwa,Rupa-268_lap-1,,Rupa,268_lap,dɛ̃ː,dɛ̃ː,rupa1234_dɛ̃ː
gdon1234,688,naganorgyalrongic,MaerkangJaphugrGyalrong-64_lungs-1,,MaerkangJaphugrGyalrong,64_lungs,tɯrtshɤz,tɯrtshɤz,gdon1234_tɯrtshɤz
gree1278,161,ids,424-20-630-1,,424,20-630,kho.35 ʔai.35,kho.35 ʔai.35,gree1278_kho.35 ʔai.35
rapa1244,629,ids,238-6-290-1,,238,6-290,kiri,kiri,rapa1244_kiri
goem1240,800,kraftchadic,Ankwe-56_thigh-1,,Ankwe,56_thigh,šì,šì,goem1240_šì
nucl1696,632,kraftchadic,Tangale-171_lizard-1,,Tangale,171_lizard,àŋkìlîŋ,àŋkìlîŋ,nucl1696_àŋkìlîŋ
anam1248,730,zgraggenmadang,anamgura-122_snake-1,192135,anamgura,122_snake,wandrɨŋamba,wandrɨŋamba,anam1248_wandrɨŋamba
nung1282,1215,suntb,Anong-973_yousg-1,229629,Anong,973_yousg,ɳɑ³¹,ɳɑ³¹,nung1282_ɳɑ³¹
dana1254,1252,transnewguineaorg,danaru-house-1,179876,danaru,house,wande,wande,dana1254_wande
suba1238,1445,tls,Suba-1472_turnround-1,,Suba,1472_turnround,-isingorya,-isingorya,suba1238_-isingorya
chig1238,1503,tls,Rukiga-1278_spittle-1,,Rukiga,1278_spittle,amachwansi,amachwansi,chig1238_amachwansi
ixre1238,1514,ids,528-3-540-1,,528,3-540,кіаті,кІатІ,ixre1238_кіаті
moer1240,227,transnewguineaorg,moere-fish-1,141293,moere,fish,mɛra,mɛra,moer1240_mɛra
chip1262,1045,ids,270-18-670-1,,270,18-670,kʰixrɲi,kʰixrɲi,chip1262_kʰixrɲi
chip1262,1536,ids,270-17-160-1,,270,17-160,[intinti-],intinti-,chip1262_[intinti-]
pamo1253,165,zgraggenmadang,pamosu-123_wallaby-1,141636,pamosu,123_wallaby,mimba,mimba,pamo1253_mimba
mana1288,1457,wold,Manange-486_tosew-1,,Manange,486_tosew,4ʈʰu (1),4ʈʰu (1),mana1288_4ʈʰu (1)
anam1248,1924,zgraggenmadang,anamgura-79_vein-1,191514,anamgura,79_vein,-ŋgəpa,-ŋgəpa,anam1248_-ŋgəpa
tehu1242,1364,ids,310-4-830-2,,310,4-830,k 'hāpˀnk,k 'hāpˀnk,tehu1242_k 'hāpˀnk
yaqu1251,492,wold,Yaqui-913_three-1,,Yaqui,913_three,baji,baji,yaqu1251_baji
slov1268,2638,northeuralex,slv-950_fish-1,,slv,950_fish,ribáriti,riba˨ːriti,slov1268_ribáriti
chip1262,3184,ids,270-4-740-1,,270,4-740,ṣ̌et-š,ṣ̌et-š,chip1262_ṣ̌et-š
maro1244,1446,tryonsolomon,marovo-279_come-1,,marovo,279_come,mae,mae,maro1244_mae
pear1247,38,ids,830-9-340-1,,830,9-340,pə́h v́ah,pə́h v́ah,pear1247_pə́h v́ah
saam1283,485,tls,Lvhyia-514_fadedisappear-1,,Lvhyia,514_fadedisappear,khu-khama,khu-khama,saam1283_khu-khama
humb1243,492,hantganbangime,Songhai_Senni-268_three-1,,Songhai_Senni,268_three,hínzâ,hínzâ,humb1243_hínzâ
maha1287,694,ids,704-11-160-1,,704,11-160,phābɳõ,phābɳõ,maha1287_phābɳõ
fipa1238,1033,tls,Fipa-658_grindgrainwithamillstone-1,,Fipa,658_grindgrainwithamillstone,u_u_kusya,u_u_kusya,fipa1238_u_u_kusya
nort2745,681,northeuralex,ykg-896_destroy-1,,ykg,896_destroy,харпильэс-,xarpilʲes-,nort2745_харпильэс-
anya1244,1664,castrosui,TangnianYangAn-255_lograft-1,,TangnianYangAn,255_lograft,paːi²,paːi²,anya1244_paːi²
chan1326,3362,beidasinitic,Changsha-217_boiledwater-1,,Changsha,217_boiledwater,kʰai³³ɕyei⁴¹,kʰai³³ɕyei⁴¹,chan1326_kʰai³³ɕyei⁴¹
goem1240,454,kraftchadic,Ankwe-137_sheanuttree-1,,Ankwe,137_sheanuttree,ɗìn,ɗìn,goem1240_ɗìn
ixre1238,13,ids,528-16-680-1,,528,16-680,мыхьчи гьапіын,мыхьчи гьапІын,ixre1238_мыхьчи гьапіын
vene1258,1398,logos,Venetianstd-401_dry-2,,Venetianstd,401_dry,secar,secar,vene1258_secar
chig1238,1776,tls,Rukiga-1187_shame-1,,Rukiga,1187_shame,okushwara,okushwara,chig1238_okushwara
fipa1238,1732,tls,Fipa-846_lightsky-1,,Fipa,846_lightsky,umwiyuulu,umwiyuulu,fipa1238_umwiyuulu
nort2697,1957,ids,71-4-842-2,,71,4-842,боғаз уру,боғаз уру,nort2697_боғаз уру
nggw1242,1737,kraftchadic,Ngwaxi-219_okra-1,,Ngwaxi,219_okra,miǰà,miǰà,nggw1242_miǰà
urax1238,1304,ids,514-2-270-2,,514,2-270,виштіал,виштІал,urax1238_виштіал
suii1243,772,ids,415-6-570-1,,415,6-570,la:k.7 phan.1 ndən.1,la:k.7 phan.1 ndən.1,suii1243_la:k.7 phan.1 ndən.1
maor1246,1236,ids,236-17-640-1,,236,17-640,aha-tia?,aha-tia?,maor1246_aha-tia?
rapa1244,42,ids,238-15-260-1,,238,15-260,piro,piro,rapa1244_piro
maga1261,98,halenepal,Magar-9_all-1,268656,Magar,9_all,patta,paTTa,maga1261_patta
mumm1238,677,transnewguineaorg,mum-axe-1,82883,mum,axe,kaɣri,kaɣri,mumm1238_kaɣri
pint1252,208,transnewguineaorg,kabola-pitumbang-mucus-1,37567,kabola-pitumbang,mucus,nɔh'in,nɔh'in,pint1252_nɔh'in
onob1238,1220,transnewguineaorg,onabasulu-tail-1,16124,onabasulu,tail,tɔfanɔ,tɔfanɔ,onob1238_tɔfanɔ
yang1306,1417,beidasinitic,Yangzhou-599_kill-1,,Yangzhou,599_kill,sæʔ⁴,sæʔ⁴,yang1306_sæʔ⁴
maha1287,718,ids,704-11-650-1,,704,11-650,b'ɔ̀rnõ,b'ɔ̀rnõ,maha1287_b'ɔ̀rnõ
dana1254,1297,zgraggenmadang,danaru-67_leg-1,177259,danaru,67_leg,gəp,gəp,dana1254_gəp
tehu1242,1203,ids,310-12-570-1,,310,12-570,'ter-,'ter-,tehu1242_'ter-
nyat1246,394,tls,Nyaturuwil-904_medicineman-1,,Nyaturuwil,904_medicineman,mughanga,mughanga,nyat1246_mughanga
slov1268,1137,northeuralex,slv-43_sinew-1,,slv,43_sinew,kíta,ki˨ːta,slov1268_kíta
duna1248,1247,transnewguineaorg,duna-ear-1,1190,duna,ear,konane,konane,duna1248_konane
nzan1240,675,kraftchadic,Njanye-78_faeces-1,,Njanye,78_faeces,pwaʔi,pwaʔi,nzan1240_pwaʔi
tokh1242,381,ids,209-16-780-1,,209,16-780,nākäm,nākäm,tokh1242_nākäm
yaqu1251,3294,wold,Yaqui-698_toweaveorplaitbraid-1,,Yaqui,698_toweaveorplaitbraid,bwassuma,bwassuma,yaqu1251_bwassuma
chur1257,1021,ids,199-6-820-1,,199,6-820,rąčĭnikŭ,rąčĭnikŭ,chur1257_rąčĭnikŭ
blan1242,206,ids,801-3-910-1,,801,3-910,ńaŋ.31 ńiɛt.33,ńaŋ.31 ńiɛt.33,blan1242_ńaŋ.31 ńiɛt.33
sout1528,1816,ids,201-12-20-1,,201,12-20,pored,pored,sout1528_pored
lati1261,363,logos,Latinstd-1103_dwelllive-1,,Latinstd,1103_dwelllive,vivere,vivere,lati1261_vivere
hyaa1239,1195,kraftchadic,Higighye-408_givebirth-1,,Higighye,408_givebirth,ɩʔya,ɩʔya,hyaa1239_ɩʔya
iumi1238,3279,chenhmongmien,Mien-197-1,,Mien,197,ku²⁴koːŋ³¹,ku²⁴koːŋ³¹,iumi1238_ku²⁴koːŋ³¹
mana1288,1966,wold,Manange-448_thebunch-1,,Manange,448_thebunch,pitʌ,pitʌ,mana1288_pitʌ
pamo1253,1408,zgraggenmadang,pamosu-324_hear-1,146282,pamosu,324_hear,-fruk ow-,-fruk ow-,pamo1253_-fruk ow-
maor1246,1845,ids,236-12-830-1,,236,12-830,pooro,pooro,maor1246_pooro
bung1265,681,tls,Bungu-440_destroyspoil-1,,Bungu,440_destroyspoil,kuluwanga,kuluwanga,bung1265_kuluwanga
fipa1238,1442,tls,Fipa-1311_stand-1,,Fipa,1311_stand,ukwimilila,ukwimilila,fipa1238_ukwimilila
kusa1251,1420,tryonsolomon,kusaghe-291_count-1,,kusaghe,291_count,tase,tase,kusa1251_tase
kali1300,960,lexirumah,lama1277-kalik-wind-1,,lama1277-kalik,wind,aˈŋin,aˈŋin,kali1300_aˈŋin
hinu1240,855,ids,42-11-140-2,,42,11-140,руха,руха,hinu1240_руха
gdon1234,615,naganorgyalrongic,MaerkangJaphugrGyalrong-813_horse-1,,MaerkangJaphugrGyalrong,813_horse,mbro,mbro,gdon1234_mbro
goem1240,493,kraftchadic,Ankwe-5_five-1,,Ankwe,5_five,pàt,pàt,goem1240_pàt
slov1268,1560,northeuralex,slv-9_face-1,,slv,9_face,oblíčje,ɔbli˨ːt͡ʃjɛ,slov1268_oblíčje
bina1279,1489,transnewguineaorg,proto-binandere-cloud-3,48950,proto-binandere,cloud,*unditi,*unditi,bina1279_*unditi
seba1248,1246,lexirumah,seba1248-small-1,,seba1248,small,naiki,naiki,seba1248_naiki
bora1263,1234,hubercolumbian,Bora-334_smooth-4,huber1992/bora/LISO_SMOOTH,Bora,334_smooth,tʰɯ́ʔtʰɯ́ríβatʰɯ́ne,tʰɯ́ʔtʰɯ́ríβatʰɯ́ne,bora1263_tʰɯ́ʔtʰɯ́ríβatʰɯ́ne
casi1235,1409,diacl,23200-137_tosee-1,,23200,137_tosee,'metaq,'metaq,casi1235_'metaq
hyaa1239,1372,kraftchadic,Higighye-95_medicine-1,,Higighye,95_medicine,uxwε,uxwε,hyaa1239_uxwε
puel1244,1602,ids,312-4-630-1,,312,4-630,-atɨnɨ,-atɨnɨ,puel1244_-atɨnɨ
gree1278,1231,ids,424-14-130-1,,424,14-130,pa.42  łjo.35,pa.42 łjo.35,gree1278_pa.42  łjo.35
ngas1240,1535,kraftchadic,Angas-231_sword-1,,Angas,231_sword,šì̵ktòk,šì̵ktòk,ngas1240_šì̵ktòk
sich1238,1494,satterthwaitetb,SichuanYi-85_die-1,,SichuanYi,85_die,sy,sy,sich1238_sy
rupa1234,1053,bodtkhobwa,Rupa-245_hunter-1,,Rupa,245_hunter,sa+pɔ,sa+pɔ,rupa1234_sa+pɔ
ngas1240,400,kraftchadic,Angas-209_mush-1,,Angas,209_mush,mun,mun,ngas1240_mun
inxo1238,1631,ids,54-14-210-1,,54,14-210,хахилъин,хахилъин,inxo1238_хахилъин
nucl1302,1172,northeuralex,kat-931_shoot-1,,kat,931_shoot,ისვრის,isvris,nucl1302_ისვრის
inxo1238,707,ids,54-17-310-1,,54,17-310,локіокьо гьица,локІокьо гьица,inxo1238_локіокьо гьица
gree1278,1033,ids,424-5-560-1,,424,5-560,te.13,te.13,gree1278_te.13
puel1244,887,ids,312-15-370-1,,312,15-370,c̷ˀaxax,c̷ˀaxax,puel1244_c̷ˀaxax
puel1244,345,ids,312-8-760-1,,312,8-760,makɨn,makɨn,puel1244_makɨn
fipa1238,93,tls,Fipa-1307_squeezemilk-1,,Fipa,1307_squeezemilk,ukukama amaziya,ukukama amaziya,fipa1238_ukukama amaziya
goem1240,675,kraftchadic,Ankwe-78_faeces-1,,Ankwe,78_faeces,ɗìyə̀s,ɗìyə̀s,goem1240_ɗìyə̀s
iumi1238,633,chenhmongmien,Mien-35-1,,Mien,35,hei³³,hei³³,iumi1238_hei³³
chig1238,1103,tls,Rukiga-882_makeofferingstothedead-1,,Rukiga,882_makeofferingstothedead,okutwaija,okutwaija,chig1238_okutwaija
chip1262,1134,ids,270-2-341-1,,270,2-341,xalxtaš,xalxtaš,chip1262_xalxtaš
maor1246,957,ids,236-3-663-4,,236,3-663,weera,weera,maor1246_weera
bora1263,1459,hubercolumbian,Bora-315_if-1,huber1992/bora/SI_IF,Bora,315_if,ʔaxʧʰííxʲɯ,ʔaxʧʰííxʲɯ,bora1263_ʔaxʧʰííxʲɯ
sina1266,666,transnewguineaorg,sinaugoro-river-1,258150,sinaugoro,river,ɣaruka,ɣaruka,sina1266_ɣaruka
mand1423,1823,tls,Manda-837_lendborrow-1,,Manda,837_lendborrow,kuyasima,kuyasima,mand1423_kuyasima
kamb1297,1729,tls,KambaKitu-1031_plait-1,,KambaKitu,1031_plait,kusuka;kukwata nzwii,kUsuka,kamb1297_kusuka;kukwata nzwii
mumm1238,1509,transnewguineaorg,mum-mosquito-1,192002,mum,mosquito,tsa:bugo,tsa:bugo,mumm1238_tsa:bugo
nunu1247,3372,chenhmongmien,Nunu-119-1,,Nunu,119,ko²²ʔpi³³,ko²²ʔpi³³,nunu1247_ko²²ʔpi³³
gira1247,1441,zgraggenmadang,girawa-315_flyv-1,127273,girawa,315_flyv,puri puri mano-,puri puri mano-,gira1247_puri puri mano-
urax1238,2125,ids,514-1-440-2,,514,1-440,шури,шури,urax1238_шури
waor1240,1510,ids,255-4-209-1,,255,4-209,õdõ-gade (?),õdõ-gade ?,waor1240_õdõ-gade (?)
pear1247,1273,ids,830-7-460-1,,830,7-460,s`mi,s`mi,pear1247_s`mi
naue1237,3029,lexirumah,naue1237-sugar_palm-1,,naue1237,sugar_palm,tuakata,tuakata,naue1237_tuakata
sout1528,876,ids,201-7-580-1,,201,7-580,luk,luk,sout1528_luk
zigu1242,933,tls,Zigua-1509_wall-1,,Zigua,1509_wall,ukuta,ukuta,zigu1242_ukuta
hinu1240,727,ids,42-17-670-2,,42,17-670,нишліа,нишлІа,hinu1240_нишліа
gudu1250,1172,kraftchadic,Gudu-402_shoot-1,,Gudu,402_shoot,hâː,hâː,gudu1250_hâː
mala1522,1408,hubercolumbian,Dimina-270_hear-1,huber1992/dí̵mi̵na/OÍR_HEAR,Dimina,270_hear,ni̵kkwá,ni̵kkwá,mala1522_ni̵kkwá
pamo1253,1791,zgraggenmadang,pamosu-126_butterfly-1,141720,pamosu,126_butterfly,maŋgakur,maŋgakur,pamo1253_maŋgakur
maha1287,1155,ids,704-1-280-2,,704,1-280,ɖwa:r,ɖwa:r,maha1287_ɖwa:r
horo1249,1942,lexirumah,lama1277-horow-near-1,,lama1277-horow,near,dahe,dahe,horo1249_dahe
onob1238,634,transnewguineaorg,onabasulu-meat-2,16172,onabasulu,meat,hũ,hũ,onob1238_hũ
yami1256,1504,ids,282-3-830-1,,282,3-830,nãpɨ,nãpɨ,yami1256_nãpɨ
bung1265,1448,tls,Bungu-649_graspholdinarm-1,,Bungu,649_graspholdinarm,kufumbata,kufumbata,bung1265_kufumbata
sout1528,1421,ids,201-5-160-1,,201,5-160,sisati,sisati,sout1528_sisati
nucl1302,573,northeuralex,kat-694_sway-1,,kat,694_sway,ირხევა,irxɛvɑ,nucl1302_ირხევა
blan1242,1711,ids,801-18-221-1,,801,18-221,ka.31 ćɨh.33 ji.31 jai.51,ka.31 ćɨh.33 ji.31 jai.51,blan1242_ka.31 ćɨh.33 ji.31 jai.51
niva1238,485,ids,307-10-491-2,,307,10-491,-tay,-tay,niva1238_-tay
moer1240,1172,zgraggenmadang,moere-352_shoot-1,147013,moere,352_shoot,miŋkʌ-,miŋkʌ-,moer1240_miŋkʌ-
chan1326,2772,beidasinitic,Changsha-280_kitchenknife-1,,Changsha,280_kitchenknife,tsʰai⁵⁵tau³³,tsʰai⁵⁵tau³³,chan1326_tsʰai⁵⁵tau³³
kekc1242,264,wold,Qeqchi-167_thehegoat-1,,Qeqchi,167_thehegoat,chib’aat,chib’aat,kekc1242_chib’aat
hinu1240,3447,ids,42-14-250-4,,42,14-250,башла бува,башла бува,hinu1240_башла бува
saam1283,700,tls,Lvhyia-319_carry-2,,Lvhyia,319_carry,khu-somba,khu-somba,saam1283_khu-somba
